<?xml version="1.0" encoding="UTF-8"?>
<GenRun Id="impl_1" LaunchPart="xc7z020clg400-1" LaunchTime="1651815129">
  <File Type="BITSTR-BMM" Name="evm_bd.bmm"/>
  <File Type="OPT-METHODOLOGY-DRC" Name="evm_methodology_drc_opted.rpt"/>
  <File Type="INIT-TIMING" Name="evm_timing_summary_init.rpt"/>
  <File Type="ROUTE-PWR" Name="evm_power_routed.rpt"/>
  <File Type="PA-TCL" Name="evm.tcl"/>
  <File Type="OPT-TIMING" Name="evm_timing_summary_opted.rpt"/>
  <File Type="OPT-DCP" Name="evm_opt.dcp"/>
  <File Type="ROUTE-PWR-SUM" Name="evm_power_summary_routed.pb"/>
  <File Type="REPORTS-TCL" Name="evm_reports.tcl"/>
  <File Type="OPT-DRC" Name="evm_drc_opted.rpt"/>
  <File Type="OPT-HWDEF" Name="evm.hwdef"/>
  <File Type="PWROPT-DCP" Name="evm_pwropt.dcp"/>
  <File Type="PWROPT-DRC" Name="evm_drc_pwropted.rpt"/>
  <File Type="PWROPT-TIMING" Name="evm_timing_summary_pwropted.rpt"/>
  <File Type="PLACE-DCP" Name="evm_placed.dcp"/>
  <File Type="PLACE-IO" Name="evm_io_placed.rpt"/>
  <File Type="PLACE-CLK" Name="evm_clock_utilization_placed.rpt"/>
  <File Type="PLACE-UTIL" Name="evm_utilization_placed.rpt"/>
  <File Type="PLACE-UTIL-PB" Name="evm_utilization_placed.pb"/>
  <File Type="PLACE-CTRL" Name="evm_control_sets_placed.rpt"/>
  <File Type="PLACE-SIMILARITY" Name="evm_incremental_reuse_placed.rpt"/>
  <File Type="PLACE-PRE-SIMILARITY" Name="evm_incremental_reuse_pre_placed.rpt"/>
  <File Type="BG-BGN" Name="evm.bgn"/>
  <File Type="PLACE-TIMING" Name="evm_timing_summary_placed.rpt"/>
  <File Type="POSTPLACE-PWROPT-DCP" Name="evm_postplace_pwropt.dcp"/>
  <File Type="BG-BIN" Name="evm.bin"/>
  <File Type="POSTPLACE-PWROPT-TIMING" Name="evm_timing_summary_postplace_pwropted.rpt"/>
  <File Type="PHYSOPT-DCP" Name="evm_physopt.dcp"/>
  <File Type="PHYSOPT-DRC" Name="evm_drc_physopted.rpt"/>
  <File Type="BITSTR-MSK" Name="evm.msk"/>
  <File Type="PHYSOPT-TIMING" Name="evm_timing_summary_physopted.rpt"/>
  <File Type="ROUTE-ERROR-DCP" Name="evm_routed_error.dcp"/>
  <File Type="ROUTE-DCP" Name="evm_routed.dcp"/>
  <File Type="ROUTE-BLACKBOX-DCP" Name="evm_routed_bb.dcp"/>
  <File Type="ROUTE-DRC" Name="evm_drc_routed.rpt"/>
  <File Type="ROUTE-DRC-PB" Name="evm_drc_routed.pb"/>
  <File Type="BITSTR-LTX" Name="debug_nets.ltx"/>
  <File Type="BITSTR-LTX" Name="evm.ltx"/>
  <File Type="ROUTE-DRC-RPX" Name="evm_drc_routed.rpx"/>
  <File Type="BITSTR-MMI" Name="evm.mmi"/>
  <File Type="ROUTE-METHODOLOGY-DRC" Name="evm_methodology_drc_routed.rpt"/>
  <File Type="ROUTE-METHODOLOGY-DRC-RPX" Name="evm_methodology_drc_routed.rpx"/>
  <File Type="BITSTR-SYSDEF" Name="evm.sysdef"/>
  <File Type="ROUTE-METHODOLOGY-DRC-PB" Name="evm_methodology_drc_routed.pb"/>
  <File Type="ROUTE-PWR-RPX" Name="evm_power_routed.rpx"/>
  <File Type="ROUTE-STATUS" Name="evm_route_status.rpt"/>
  <File Type="ROUTE-STATUS-PB" Name="evm_route_status.pb"/>
  <File Type="ROUTE-TIMINGSUMMARY" Name="evm_timing_summary_routed.rpt"/>
  <File Type="ROUTE-TIMING-PB" Name="evm_timing_summary_routed.pb"/>
  <File Type="ROUTE-TIMING-RPX" Name="evm_timing_summary_routed.rpx"/>
  <File Type="ROUTE-SIMILARITY" Name="evm_incremental_reuse_routed.rpt"/>
  <File Type="ROUTE-CLK" Name="evm_clock_utilization_routed.rpt"/>
  <File Type="ROUTE-BUS-SKEW" Name="evm_bus_skew_routed.rpt"/>
  <File Type="ROUTE-BUS-SKEW-PB" Name="evm_bus_skew_routed.pb"/>
  <File Type="ROUTE-BUS-SKEW-RPX" Name="evm_bus_skew_routed.rpx"/>
  <File Type="POSTROUTE-PHYSOPT-DCP" Name="evm_postroute_physopt.dcp"/>
  <File Type="POSTROUTE-PHYSOPT-BLACKBOX-DCP" Name="evm_postroute_physopt_bb.dcp"/>
  <File Type="POSTROUTE-PHYSOPT-TIMING" Name="evm_timing_summary_postroute_physopted.rpt"/>
  <File Type="POSTROUTE-PHYSOPT-TIMING-PB" Name="evm_timing_summary_postroute_physopted.pb"/>
  <File Type="POSTROUTE-PHYSOPT-TIMING-RPX" Name="evm_timing_summary_postroute_physopted.rpx"/>
  <File Type="POSTROUTE-PHYSOPT-BUS-SKEW" Name="evm_bus_skew_postroute_physopted.rpt"/>
  <File Type="POSTROUTE-PHYSOPT-BUS-SKEW-PB" Name="evm_bus_skew_postroute_physopted.pb"/>
  <File Type="BG-BIT" Name="evm.bit"/>
  <File Type="POSTROUTE-PHYSOPT-BUS-SKEW-RPX" Name="evm_bus_skew_postroute_physopted.rpx"/>
  <File Type="BITSTR-RBT" Name="evm.rbt"/>
  <File Type="BITSTR-NKY" Name="evm.nky"/>
  <File Type="BG-DRC" Name="evm.drc"/>
  <File Type="RDI-RDI" Name="evm.vdi"/>
  <File Type="WBT-USG" Name="usage_statistics_webtalk.html"/>
  <FileSet Name="sources" Type="DesignSrcs" RelSrcDir="$PSRCDIR/sources_1">
    <Filter Type="Srcs"/>
    <File Path="$PSRCDIR/sources_1/new/display_select.v">
      <FileInfo>
        <Attr Name="UsedIn" Val="synthesis"/>
        <Attr Name="UsedIn" Val="implementation"/>
        <Attr Name="UsedIn" Val="simulation"/>
      </FileInfo>
    </File>
    <File Path="$PSRCDIR/sources_1/new/evm.v">
      <FileInfo>
        <Attr Name="UsedIn" Val="synthesis"/>
        <Attr Name="UsedIn" Val="implementation"/>
        <Attr Name="UsedIn" Val="simulation"/>
      </FileInfo>
    </File>
    <File Path="$PSRCDIR/sources_1/new/bcd.v">
      <FileInfo>
        <Attr Name="AutoDisabled" Val="1"/>
        <Attr Name="UsedIn" Val="synthesis"/>
        <Attr Name="UsedIn" Val="implementation"/>
        <Attr Name="UsedIn" Val="simulation"/>
      </FileInfo>
    </File>
    <File Path="$PSRCDIR/sources_1/bd/design_1/design_1.bd">
      <FileInfo>
        <Attr Name="AutoDisabled" Val="1"/>
        <Attr Name="UsedIn" Val="synthesis"/>
        <Attr Name="UsedIn" Val="implementation"/>
        <Attr Name="UsedIn" Val="simulation"/>
      </FileInfo>
    </File>
    <Config>
      <Option Name="DesignMode" Val="RTL"/>
      <Option Name="TopModule" Val="evm"/>
      <Option Name="TopAutoSet" Val="TRUE"/>
    </Config>
  </FileSet>
  <FileSet Name="constrs_in" Type="Constrs" RelSrcDir="$PSRCDIR/constrs_1">
    <Filter Type="Constrs"/>
    <File Path="$PPRDIR/../../../../Downloads/pynq-z2_v1.0.xdc/PYNQ-Z2 v1.0.xdc">
      <FileInfo>
        <Attr Name="UsedIn" Val="synthesis"/>
        <Attr Name="UsedIn" Val="implementation"/>
      </FileInfo>
    </File>
    <Config>
      <Option Name="ConstrsType" Val="XDC"/>
    </Config>
  </FileSet>
  <FileSet Name="utils" Type="Utils" RelSrcDir="$PSRCDIR/utils_1">
    <Filter Type="Utils"/>
    <Config>
      <Option Name="TopAutoSet" Val="TRUE"/>
    </Config>
  </FileSet>
  <Strategy Version="1" Minor="2">
    <StratHandle Name="Vivado Implementation Defaults" Flow="Vivado Implementation 2018"/>
    <Step Id="init_design"/>
    <Step Id="opt_design"/>
    <Step Id="power_opt_design"/>
    <Step Id="place_design"/>
    <Step Id="post_place_power_opt_design"/>
    <Step Id="phys_opt_design"/>
    <Step Id="route_design"/>
    <Step Id="post_route_phys_opt_design"/>
    <Step Id="write_bitstream"/>
  </Strategy>
</GenRun>
